Page,Section,Purpose,H1,H2/H3,Copy_Snippet,CTA,Asset_Refs,SEO_Target,Internal_Links
Homepage,Hero Section,Capture attention with core value proposition,"Transform Your Hairstyling Career Into a Location-Independent Art Form",N/A,"This is your permission slip to design a career on your own terms. From salon-dependent to location-independent. From service provider to visionary entrepreneur.",Pre-Order Your Copy,hero-background-curls.jpg,curls and contemplation book,/book
Homepage,Hero Subheadline,Clarify unique positioning,N/A,N/A,"Conscious hairstyling • Biblical wisdom • Entrepreneurial freedom • Cultural competency • Interactive journey journal with 12 worksheets",Pre-Order Your Copy,N/A,hairstylist journey journal,/book
Homepage,Hero Trust Elements,Build immediate credibility,N/A,N/A,"16 Interactive Chapters | 12 Downloadable Worksheets | Pre-Order Bonuses Worth $381 | 30-Day Money-Back Guarantee",Pre-Order Your Copy,trust-badges-guarantee.svg,freelance hairstylist guide,/book /refund-policy
Homepage,Social Proof Bar,Leverage early testimonials,N/A,N/A,"Loved by stylists from NYC to Lagos • Already transforming careers across 15+ countries • Early reviews praising authenticity and actionable strategies",Join the Movement,testimonial-avatars-row.png,N/A,/community
Homepage,Book Preview Section,Introduce book content,"What's Inside Curls & Contemplation",N/A,"More than a book—it's an interactive journey that transforms hairstyling from service-based profession into art form of liberation and entrepreneurship.",Explore the Book,book-cover-3d-render.png,hairstyling business strategies,/book
Homepage,Book Preview: Part I,Tease chapter structure,N/A,"Part I: Foundations of Creative Hairstyling","Establish philosophical and technical groundwork. Learn conscious hairstyling principles, refine your toolkit, and reignite your creative fire.",See Full Table of Contents,icon-foundations.svg,conscious hairstyling foundations,/book
Homepage,Book Preview: Part II,Tease chapter structure,N/A,"Part II: Building Your Professional Practice","Master networking, mentorship, business fundamentals, wellness strategies, and continuing education frameworks for sustainable success.",See Full Table of Contents,icon-practice.svg,freelance hairstyling practice,/book
Homepage,Book Preview: Part III,Tease chapter structure,N/A,"Part III: Advanced Business Strategies","Step into leadership. Build enduring legacies. Leverage digital strategies. Master financial wisdom and ethical sustainability practices.",See Full Table of Contents,icon-business.svg,hairstyling business strategies,/book
Homepage,Book Preview: Part IV,Tease chapter structure,N/A,"Part IV: Future-Focused Growth","Harness AI as creative partner. Cultivate resilience. Embrace hair texture diversity with cultural competency and technical mastery.",See Full Table of Contents,icon-future.svg,future of hairstyling,/book
Homepage,Key Benefits List,Tangible reader outcomes,N/A,"What You'll Gain","Build location-independent freelance practice • Master all hair textures with cultural competency • Create multiple revenue streams • Integrate artistry with purpose • Navigate AI technologies confidently",Pre-Order Now,benefits-icons-set/,location-independent hairstylist,/book
Homepage,Interactive Elements Highlight,Showcase unique features,N/A,"12 Interactive Worksheets Included","SMART Goals templates • Self-Care Plans • Business frameworks • Client Consultation checklists • 12-month cash flow projections • Digital readiness assessments",Download Sample Worksheet,worksheet-preview-collage.png,interactive hairstylist workbook,/book
Homepage,Affirmation Odyssey Preview,Tease unique element,N/A,"Build Your Personal Affirmation","Progressively craft a 12-line affirmation throughout your journey—starting with 3 lines and adding more as you complete each part of the book.",Learn More,affirmation-page-preview.jpg,N/A,/book
Homepage,Social Proof Section,Leverage testimonials,"Stylists Who've Transformed Their Careers",N/A,"Real stories from hairstylists who broke free from traditional constraints and built thriving practices on their own terms.",Read Their Stories,testimonial-hero-collage.jpg,hairstylist success stories,/community
Homepage,Testimonial 1: Pricing Success,Specific transformation example,N/A,"Sarah M. - Los Angeles, CA","After implementing Michael's values-aligned pricing framework from Chapter VI, I raised my rates 40% and kept 95% of my clients. My income doubled in 6 months.",N/A,testimonial-sarah-m.jpg,values-aligned pricing,N/A
Homepage,Testimonial 2: Burnout Recovery,Address burnout recovery,N/A,"James L. - Atlanta, GA","I was three months from quitting the industry entirely. The wellness chapters and self-care plan template saved my career. I've reclaimed joy in my work.",N/A,testimonial-james-l.jpg,hairstylist burnout recovery,N/A
Homepage,Testimonial 3: Cultural Competency,Highlight diversity impact,N/A,"Aisha K. - London, UK","The chapter on textured hair completely transformed my technical skills and cultural sensitivity. My diverse clientele has tripled, and I finally feel competent.",N/A,testimonial-aisha-k.jpg,textured hair training,N/A
Homepage,Testimonial 4: Business Results,Showcase business results,N/A,"Marcus T. - Chicago, IL","I used the 12-month cash flow projection template to launch my mobile styling business. I'm booked solid 8 weeks out and turned profitable in month 3.",N/A,testimonial-marcus-t.jpg,freelance hairstylist business,N/A
Homepage,Testimonial 5: Creative Renewal,Creative inspiration angle,N/A,"Elena R. - Barcelona, Spain","The Inspiration Database concept rescued me from a 2-year creative drought. I've rediscovered my artistic voice and clients notice the renewed passion.",N/A,testimonial-elena-r.jpg,creative hairstyling,N/A
Homepage,Testimonial 6: Career Liberation,Freedom narrative,N/A,"Devon P. - Toronto, Canada","Michael's permission slip framing gave me courage to reject a salon manager promotion and go fully freelance. Best career decision I've ever made.",N/A,testimonial-devon-p.jpg,location-independent stylist,N/A
Homepage,Author Spotlight Section,Build trust through credibility,"Meet Michael David Warren Jr.",N/A,"From rejecting a corporate career three weeks before starting to building a global freelance practice—Michael's unconventional journey proves another path is possible.",Learn More About Michael,author-photo-professional-square.jpg,michael david warren jr,/author
Homepage,Author Bio Short,Establish authority and relatability,N/A,N/A,"Trained at Arrojo Cosmetology School in NYC. Mentored by Yusef Williams, Vernon François, and Naeemah Lafond. Global practice across 15+ countries on 3 continents.",Learn More About Michael,N/A,arrojo cosmetology school,/author
Homepage,Author Credentials List,Visual credential showcase,N/A,N/A,"Fashion Week stylist • Humanitarian hair services for displaced communities • International educator • Deliberately location-independent since day one",Learn More About Michael,credentials-icon-grid/,freelance hairstylist author,/author
Homepage,Author Quote,Emotional connection,N/A,N/A,"I wrote this for the stylist sitting in a breakroom wondering if their dreams are too big. For anyone who suspects there might be more available to them than what they've been shown.",Read His Full Story,quote-graphic-michael.png,N/A,/author
Homepage,Curl Collective Section,Invite to community,"Join the Curls & Contemplation Collective",N/A,"This isn't just a book—it's a movement. Connect with like-minded stylists who get it. Share your journey. Learn together. Elevate the entire industry.",Join the Community,community-collage-diverse.jpg,hairstylist community,/community
Homepage,Community Benefits List,Membership value,N/A,"What Awaits You","Supportive network of stylists who understand • Exclusive Q&A sessions with Michael • Members-only workshops and resources • Mentorship matching opportunities • Creative collaboration connections",Join the Community,community-benefits-icons/,freelance stylist network,/community
Homepage,Community Platform Options,Multiple entry points,N/A,N/A,"Discord (Primary Hub) • Instagram Community • Facebook Group • Unconventional Stylist Website • Monthly Virtual Meetups",Join Discord Now,platform-logos-row.png,N/A,/community
Homepage,Community Testimonial,Social proof,N/A,N/A,"The Discord community has become my go-to when I need advice, encouragement, or just someone who gets the unique challenges of this industry. - Priya M.",Join the Community,N/A,N/A,/community
Homepage,Newsletter Section,Email capture,"Get the Free Hairstylist Pricing Guide",N/A,"Subscribe to receive exclusive worksheets, behind-the-scenes insights, and early access to new resources. Plus instant download of the comprehensive pricing guide.",Download Free Guide,lead-magnet-pricing-guide-mockup.png,hairstylist pricing guide,N/A
Homepage,Newsletter Benefits,Email list value,N/A,N/A,"Weekly business tips • Early access to new resources • Exclusive subscriber-only content • Book launch updates and special offers • Community event notifications",Download Free Guide,N/A,N/A,N/A
Homepage,Newsletter Form,Lead generation,N/A,N/A,"Email address field with privacy assurance: We respect your inbox. Unsubscribe anytime. No spam ever.",Subscribe Now,N/A,N/A,N/A
Homepage,Quiz CTA Section,Drive to quiz,"What's Your Stylist Success Type?",N/A,"Take our 2-minute quiz to discover your entrepreneurial style and get a personalized roadmap for building your ideal hairstyling career.",Take The Quiz,quiz-preview-illustration.svg,hairstylist success quiz,/quiz
Homepage,Footer: Site Description,Brand summary,N/A,N/A,"Curls & Contemplation is an interactive journey journal empowering hairstylists to build location-independent careers through conscious practice, business mastery, and cultural competency.",N/A,N/A,hairstylist business book,/book
Homepage,Footer: Quick Links,Navigation,N/A,"Quick Links","Book • Author • Community • Blog • Pre-Order • Quiz",N/A,N/A,N/A,"/book, /author, /community, /blog, /pre-order, /quiz"
Homepage,Footer: Legal Links,Required policies,N/A,"Legal","Privacy Policy • Terms of Service • Refund Policy • Accessibility Statement",N/A,N/A,N/A,"/privacy, /terms, /refund-policy, /accessibility"
Homepage,Footer: Social Links,External connections,N/A,"Connect","Instagram @UnconventionalS • Facebook • Pinterest • YouTube • Email",N/A,social-icons-set/,N/A,N/A
Homepage,Footer: Contact,Support access,N/A,N/A,"Questions? Email: hello@curlsandcontemplation.com • Press inquiries: press@curlsandcontemplation.com",N/A,N/A,N/A,N/A
Book Page,Hero Section,Immediate book recognition,"Curls & Contemplation: A Stylist's Interactive Journey Journal",N/A,"By Michael David Warren Jr. | The manifesto for stylists who refuse to settle for conventional career paths. Your permission slip awaits.",Pre-Order Now,book-cover-hero-large-3d.png,curls and contemplation book details,/pre-order
Book Page,Hero Subheadline,Reinforce positioning,N/A,N/A,"Transform from salon-dependent to location-independent, from service provider to visionary entrepreneur. Master conscious hairstyling, business strategy, and cultural competency.",Pre-Order Now,N/A,hairstylist journey journal,N/A
Book Page,Hero Stats,Build urgency and social proof,N/A,N/A,"16 comprehensive chapters • 4 transformative parts • 12 interactive worksheets • $381 in pre-order bonuses • 30-day guarantee",Pre-Order Now,stats-icon-row.svg,N/A,/pre-order
Book Page,Sticky CTA Bar,Persistent conversion,N/A,N/A,"Pre-Order Now • Only $34.99 • Free Shipping Over $50 • Instant Bonus Access • Limited Pre-Order Period",Pre-Order Now,N/A,pre-order hairstylist book,/pre-order
Book Page,Long Summary Section,Detailed value explanation,"A Revolutionary Guide for Hairstylists Who Refuse to Settle",N/A,"This book represents a paradigm shift in beauty industry education, positioning hairstyling as vehicle for personal transformation, cultural affirmation, and entrepreneurial freedom.",Pre-Order Your Copy,N/A,conscious hairstyling book,/pre-order
Book Page,Summary: Core Promise,Transformation promise,N/A,N/A,"Curls & Contemplation bridges the gap between technical mastery and spiritual purpose, offering a roadmap for hairstylists seeking to transcend the limitations of traditional salon work.",N/A,N/A,N/A,N/A
Book Page,Summary: What Sets It Apart,Unique value proposition,N/A,"What Makes This Different","Unlike passive business books, this is an interactive workbook featuring self-assessments, SMART goal worksheets, journaling prompts, and a progressive 12-line affirmation you build throughout.",N/A,N/A,interactive hairstylist book,N/A
Book Page,Summary: Biblical Integration,Faith-based appeal,N/A,N/A,"Each chapter opens with relevant scripture, positioning hairstyling as divine calling and sacred work. Appeals to faith-driven professionals seeking purpose alignment.",N/A,N/A,N/A,N/A
Book Page,Structure Overview Section,Content organization,"The Four-Part Journey",N/A,"Your transformation unfolds across four carefully structured parts, each building on the previous to create comprehensive career and personal development.",N/A,journey-map-visual.svg,N/A,N/A
Book Page,Structure: Part I Preview,Part overview,N/A,"Part I: Foundations of Creative Hairstyling (Chapters I-III)","Establish philosophical and technical groundwork: transformative power of conscious hairstyling, professional toolkit refinement, and creative passion reignition.",See Full TOC,N/A,creative hairstyling foundations,N/A
Book Page,Structure: Part II Preview,Part overview,N/A,"Part II: Building Your Professional Practice (Chapters IV-VIII)","Master pragmatic challenges of freelance success: networking, mentorship, business mastery, wellness strategies, and continuous education frameworks.",See Full TOC,N/A,freelance hairstyling practice,N/A
Book Page,Structure: Part III Preview,Part overview,N/A,"Part III: Advanced Business Strategies (Chapters IX-XIII)","Elevate into leadership and legacy territory: industry leadership, enduring legacies, advanced digital strategies, financial wisdom, and ethics/sustainability.",See Full TOC,N/A,hairstyling business strategies,N/A
Book Page,Structure: Part IV Preview,Part overview,N/A,"Part IV: Future-Focused Growth (Chapters XIV-XVI)","Tackle emerging industry transformations: AI as creative partner, resilience cultivation, and embracing hair texture diversity with cultural competency.",See Full TOC,N/A,future of hairstyling,N/A
Book Page,Table of Contents Section,Detailed chapter preview,"What You'll Discover: Complete Table of Contents",N/A,"16 comprehensive chapters organized into four transformative parts. Each chapter includes quizzes, reflection worksheets, and actionable implementation roadmaps.",Pre-Order to Start Your Journey,toc-visual-infographic.png,hairstylist book chapters,/pre-order
Book Page,TOC: Chapter I,Chapter description,"Chapter I: Unveiling Your Creative Odyssey",N/A,"Reframe hairstyling from aesthetic service to transformative sacred work. Explore psychological power, cultural heritage, and conscious practice fundamentals. Features: depressed client house call story.",N/A,N/A,conscious hairstyling definition,N/A
Book Page,TOC: Chapter II,Chapter description,"Chapter II: Refining Your Creative Toolkit",N/A,"Position professional tools as extensions of artistic vision. Learn texture-specific tool selection, maintenance schedules, and cost-per-use investment analysis. Features: Fashion Week scissor crisis story.",N/A,N/A,hairstyling tools guide,N/A
Book Page,TOC: Chapter III,Chapter description,"Chapter III: Reigniting Your Creative Fire",N/A,"Address creative burnout head-on with strategies for reconnecting with your 'why.' Build Inspiration Database, embrace creative cycles, and cultivate cross-disciplinary inspiration sources.",N/A,N/A,hairstylist burnout recovery,N/A
Book Page,TOC: Chapter IV,Chapter description,"Chapter IV: The Art of Networking in Freelance Hairstyling",N/A,"Demystify networking as authentic relationship-building. Strategic event attendance, digital networking frameworks, and community-building strategies for introverts.",N/A,N/A,hairstylist networking strategies,N/A
Book Page,TOC: Chapter V,Chapter description,"Chapter V: Cultivating Creative Excellence Through Mentorship",N/A,"Explore mentorship's dual role: seeking guidance for growth and providing mentorship to establish legacy. Structured relationship frameworks and evolution strategies.",N/A,N/A,hairstylist mentorship guide,N/A
Book Page,TOC: Chapter VI,Chapter description,"Chapter VI: Mastering the Business of Hairstyling",N/A,"Comprehensive business foundations: values-aligned income goals, accounting systems, 12-month cash flow projections, revenue diversification, and Client Archetype Framework.",N/A,N/A,hairstyling business management,N/A
Book Page,TOC: Chapter VII,Chapter description,"Chapter VII: Embracing Wellness and Self-Care",N/A,"Address beauty industry's burnout epidemic with concrete wellness frameworks balancing physical health, emotional well-being, and creative rejuvenation through 'Creative Days.'",N/A,N/A,hairstylist wellness strategies,N/A
Book Page,TOC: Chapter VIII,Chapter description,"Chapter VIII: Advancing Skills Through Continuous Education",N/A,"Position ongoing education as career-long commitment. Diverse learning modalities, ROI evaluation frameworks, and cross-disciplinary benefits with annual learning goals template.",N/A,N/A,continuing education for stylists,N/A
Book Page,TOC: Chapter IX,Chapter description,"Chapter IX: Stepping Into Leadership",N/A,"Guide transition from individual contributor to industry leader. Leadership styles identification, signature technique development, and platform building strategies.",N/A,N/A,hairstylist leadership development,N/A
Book Page,TOC: Chapter X,Chapter description,"Chapter X: Crafting Enduring Legacies",N/A,"Explore legacy beyond commercial success—impact on individuals, communities, and industry standards. Define personal legacy intentions and build scalable impact systems.",N/A,N/A,hairstylist legacy building,N/A
Book Page,TOC: Chapter XI,Chapter description,"Chapter XI: Advanced Digital Strategies for Freelance Hairstylists",N/A,"Comprehensive digital marketing with skill-level ratings (Digital Newcomer to Enthusiast). Platform fundamentals, strategic partnerships, community building, and operational transparency.",N/A,N/A,hairstylist social media marketing,N/A
Book Page,TOC: Chapter XII,Chapter description,"Chapter XII: Financial Wisdom: Building Sustainable Ventures",N/A,"Advanced financial strategies: retirement planning for self-employed, investment fundamentals, tax optimization, succession planning, and passive income development.",N/A,N/A,hairstylist financial planning,N/A
Book Page,TOC: Chapter XIII,Chapter description,"Chapter XIII: Embracing Ethics and Sustainability in Hairstyling",N/A,"Position environmental and social responsibility as business imperatives. Eco-friendly product selection, salon waste reduction, energy efficiency, and values-aligned partnerships.",N/A,N/A,sustainable salon practices,N/A
Book Page,TOC: Chapter XIV,Chapter description,"Chapter XIV: The Impact of AI on the Beauty Industry",N/A,"Balanced perspective on AI as creative partner. Explore virtual try-on tools, personalized formulations, hair analysis systems, and emphasis on irreplaceable human skills.",N/A,N/A,ai in beauty industry,N/A
Book Page,TOC: Chapter XV,Chapter description,"Chapter XV: Cultivating Resilience and Well-Being in Hairstyling",N/A,"Advanced resilience-building frameworks for long-term career sustainability. Adaptive capacity development, industry-specific stress management, and therapeutic support value.",N/A,N/A,hairstylist resilience building,N/A
Book Page,TOC: Chapter XVI,Chapter description,"Chapter XVI: Tresses and Textures - Embracing Diversity in Hairstyling",N/A,"Scientific understanding and cultural competency training. Hair texture biology, specialized techniques for textured hair, cultural heritage recognition, and deconstructing beauty biases.",N/A,N/A,textured hair training,N/A
Book Page,What Makes This Different,Competitive differentiation,"How This Book Stands Apart From Traditional Business Guides",N/A,"Most business books talk at you. This one works with you. It's part textbook, part workbook, part journal, part manifesto—all designed for active transformation, not passive consumption.",Pre-Order Now,comparison-table-visual.svg,N/A,/pre-order
Book Page,Differentiator 1,Specific difference,N/A,"Interactive Transformation Tools","12 downloadable worksheets transform concepts into action: SMART Goals, Self-Care Plans, Business Frameworks, Client Consultation Checklists, Cash Flow Projections, Digital Readiness Assessments.",N/A,N/A,N/A,N/A
Book Page,Differentiator 2,Specific difference,N/A,"Progressive Affirmation Building","The Affirmation Odyssey: Build a 12-line personal affirmation progressively throughout the book, creating tangible artifact of your journey and daily practice for confidence.",N/A,N/A,N/A,N/A
Book Page,Differentiator 3,Specific difference,N/A,"Biblical Wisdom Integration","Each chapter opens with relevant scripture, positioning hairstyling as divine calling. Spiritual and practical aspects of profession seamlessly woven together.",N/A,N/A,N/A,N/A
Book Page,Differentiator 4,Specific difference,N/A,"Real Stories, Real Transformation","Features authentic client transformation stories (depressed client house call), author's vulnerable journey (grandfather's permission), and industry case studies (Jen Atkin, Vernon François).",N/A,N/A,N/A,N/A
Book Page,Differentiator 5,Specific difference,N/A,"Cultural Competency Emphasis","Unlike generic business books, addresses hair's cultural significance, beauty industry biases, and provides textured hair technique training with scientific understanding.",N/A,N/A,N/A,N/A
Book Page,Differentiator 6,Specific difference,N/A,"Skill-Level Appropriate Strategies","Digital strategies rated by skill level (Newcomer/Explorer/Enthusiast) meet readers where they are. No overwhelm, no assumptions—just graduated pathways to confidence.",N/A,N/A,N/A,N/A
Book Page,Sample Chapter Section,Reduce purchase risk,"Read Chapter I: 'Unveiling Your Creative Odyssey'",N/A,"Experience the book's voice, depth, and practical application before you buy. This 800-word excerpt showcases the emotional storytelling and actionable frameworks throughout.",Read Full Sample,sample-chapter-preview-graphic.png,sample chapter hairstylist book,N/A
Book Page,Sample Chapter Excerpt,800-word preview,N/A,N/A,"Full depressed client house call story: 'I remember the morning I drove to a client's home—a small apartment she hadn't left in weeks. Her depression had anchored her to the couch...' [continues with full emotional arc ending with 'I forgot she was still in there.']",Continue Reading in Full Book,N/A,N/A,/pre-order
Book Page,Sample Chapter CTA,Conversion from sample,N/A,"Want to Read the Rest?","Pre-order your copy to experience all 16 transformative chapters, complete the interactive worksheets, and begin building your career on your own terms.",Pre-Order Now,N/A,N/A,/pre-order
Book Page,Pre-Order Bonus Section,Add value and urgency,"Pre-Order Bonus Stack (Total Value: $381)",N/A,"Order now and receive these exclusive bonuses FREE. Available only during pre-order period—bonuses valued at more than 10x the book price.",Claim Your Bonuses Now,bonus-stack-visual-exploded.png,hairstylist book bonuses,/pre-order
Book Page,Bonus 1: Worksheets,Itemized bonus,N/A,"Bonus #1: Complete Worksheet & Template Library ($97 value)","12 downloadable, fillable PDF worksheets: SMART Goals, Self-Care Plan, Business Framework, Client Consultation, 12-Month Cash Flow, Digital Readiness, Content Calendar, and more.",N/A,bonus-icon-worksheets.svg,N/A,N/A
Book Page,Bonus 2: Video Masterclass,Itemized bonus,N/A,"Bonus #2: Exclusive Video Masterclass - Building Your First 90 Days as a Freelancer ($149 value)","60-minute video masterclass with Michael walking through launch timeline, client acquisition strategies, pricing structure setup, and common pitfalls to avoid.",N/A,bonus-icon-video.svg,N/A,N/A
Book Page,Bonus 3: Community Access,Itemized bonus,N/A,"Bonus #3: VIP Early Access to the Curl Collective Community (Priceless)","Join the private Discord community before public launch. VIP badge, direct access to Michael, and founding member recognition. Build your network from day one.",Join Community,bonus-icon-community.svg,N/A,/community
Book Page,Bonus 4: Pricing Calculator,Itemized bonus,N/A,"Bonus #4: The Hairstylist's Pricing Calculator Spreadsheet ($49 value)","Plug-and-play Excel template calculating cost-per-service, hourly rate requirements, profit margins, and competitive positioning. Know your numbers instantly.",N/A,bonus-icon-calculator.svg,N/A,N/A
Book Page,Bonus 5: Audiobook,Itemized bonus,N/A,"Bonus #5: Companion Audio Book ($86 value)","Listen to Curls & Contemplation during your commute, at the gym, or while prepping your station. Full audiobook narrated professionally, delivered digitally.",N/A,bonus-icon-audio.svg,N/A,N/A
Book Page,Bonus Expiration Notice,Create urgency,N/A,N/A,"Pre-order bonuses available for limited time only. Once book launches publicly, bonuses will be sold separately or discontinued. Secure all $381 in bonuses by pre-ordering today.",Pre-Order Now,urgency-icon.svg,N/A,/pre-order
Book Page,FAQ Section,Address objections,"Your Questions Answered",N/A,"Everything you need to know before pre-ordering. Can't find your question? Contact us at hello@curlsandcontemplation.com",Contact Support,N/A,hairstylist book faq,N/A
Book Page,FAQ 1,Question/answer,N/A,"Who is this book for?","This book is for hairstylists at any career stage: students considering the profession, early-career stylists questioning traditional paths, mid-career professionals facing burnout, salon owners seeking evolution, and aspiring entrepreneurs planning independent practices.",N/A,N/A,N/A,N/A
Book Page,FAQ 2,Question/answer,N/A,"I'm just starting out—is this too advanced?","Not at all. The book meets you where you are. Early-career stylists will find foundational frameworks, while experienced professionals will benefit from advanced business strategies and leadership guidance.",N/A,N/A,N/A,N/A
Book Page,FAQ 3,Question/answer,N/A,"I'm not Christian—will this book still resonate?","Absolutely. While each chapter opens with biblical scripture, the wisdom applies universally. Many readers from diverse faith backgrounds appreciate the spiritual depth without feeling excluded.",N/A,N/A,N/A,N/A
Book Page,FAQ 4,Question/answer,N/A,"What makes this different from other business books?","Most business books are passive reads. This is an interactive workbook featuring quizzes, worksheets, journaling prompts, and progressive affirmation-building. You'll finish with completed action plans, not just highlighted passages.",N/A,N/A,N/A,N/A
Book Page,FAQ 5,Question/answer,N/A,"Do I need to complete all the worksheets?","The worksheets are tools for your transformation, not homework assignments. Use what serves your current stage and goals. Many readers return to different worksheets as their careers evolve.",N/A,N/A,N/A,N/A
Book Page,FAQ 6,Question/answer,N/A,"When will my pre-order ship?","Pre-orders will ship on the official release date: [INSERT DATE]. You'll receive email notification when your order ships with tracking information. Digital bonuses available immediately after purchase.",N/A,N/A,N/A,N/A
Book Page,FAQ 7,Question/answer,N/A,"What's your refund policy?","We offer a 30-day money-back guarantee. If you're not completely satisfied, return the book in resalable condition within 30 days for a full refund. No questions asked.",View Full Policy,N/A,N/A,/refund-policy
Book Page,FAQ 8,Question/answer,N/A,"Is this available in other formats?","Yes! Pre-order customers receive the companion audiobook as a bonus ($86 value). Ebook format available at launch. Hardcover edition planned for future if demand supports.",N/A,N/A,N/A,N/A
Book Page,FAQ 9,Question/answer,N/A,"Can I buy this as a gift?","Absolutely. During checkout, specify gift recipient's shipping address. We'll include a gift message card and omit pricing information. Consider the signed bookplate add-on ($15) for extra special touch.",Gift This Book,N/A,N/A,/pre-order
Book Page,FAQ 10,Question/answer,N/A,"Do you offer bulk discounts for cosmetology schools or salons?","Yes! Contact us at bulk@curlsandcontemplation.com for pricing on orders of 10+ copies. We offer special rates for educational institutions and salon training programs.",N/A,N/A,N/A,N/A
Book Page,FAQ 11,Question/answer,N/A,"Will there be a hardcover edition?","The first printing is paperback with premium finish and binding designed for repeated use. Hardcover edition may follow based on demand—pre-order customers receive first notification.",N/A,N/A,N/A,N/A
Book Page,FAQ 12,Question/answer,N/A,"How do I access the digital bonuses?","After purchase, you'll receive a welcome email within 24 hours containing login credentials for your bonus vault. Access all digital downloads, video masterclass, and community invitation there.",N/A,N/A,N/A,N/A
Book Page,FAQ 13,Question/answer,N/A,"Can I download the worksheets separately?","Yes, all 12 worksheets are available as individual fillable PDFs in your bonus vault. Print multiple copies or complete digitally. Also included in printable workbook bundle format.",N/A,N/A,N/A,N/A
Book Page,FAQ 14,Question/answer,N/A,"Is international shipping available?","Yes, we ship worldwide. Shipping costs calculated at checkout based on destination. International orders may take 2-4 weeks depending on customs. Digital bonuses available immediately regardless of location.",N/A,N/A,N/A,N/A
Book Page,FAQ 15,Question/answer,N/A,"Will Michael do book signings or virtual events?","Yes! Check the Community page for upcoming virtual Q&A sessions, book club discussions, and potential in-person events. Pre-order customers receive priority notification and early registration.",Check Events,N/A,N/A,/community
Book Page,Final CTA Section,Strong conversion close,"Your Permission Slip Awaits",N/A,"Stop waiting for the 'right time.' Your career deserves more than what you've been shown. The stylists who transform are the ones who take the first step. This is yours.",Pre-Order Now - $34.99,book-cover-cta-glowing.png,pre-order hairstylist book,/pre-order
Book Page,Final CTA: Risk Reversal,Address hesitation,N/A,N/A,"30-Day Money-Back Guarantee • $381 in Free Bonuses • Instant Digital Access • Join Thousands of Transforming Stylists • Limited Pre-Order Period",Pre-Order Now,trust-badges-row.svg,N/A,/pre-order
Author Page,Hero Section,Personal connection,"Meet Michael David Warren Jr.",N/A,"The hairstylist who rejected safety for meaning—and built a global freelance practice by designing his career on his own terms. His journey proves another path is possible.",Read the Book,author-hero-photo-candid.jpg,michael david warren jr hairstylist,/book
Author Page,Hero Quote,Defining moment,N/A,N/A,"Some people need safety. Some people need meaning. I've always known which one you were. — Michael's grandfather, upon learning he'd invested his life savings in cosmetology school",Explore His Book,N/A,N/A,/book
Author Page,Short Bio Section,Quick introduction,N/A,"The Beautiful Rebellion","Michael David Warren Jr. is a globally recognized hairstylist, educator, and author who deliberately rejected traditional career paths to build a location-independent practice spanning three continents.",Learn More,author-working-client-photo.jpg,freelance hairstylist author,N/A
Author Page,Short Bio: Training,Educational foundation,N/A,N/A,"Trained at the prestigious Arrojo Cosmetology School in NYC. Mentored by industry titans Yusef Williams, Vernon François, and Naeemah Lafond. Continues education through global masterclasses.",N/A,N/A,arrojo cosmetology school graduate,N/A
Author Page,Short Bio: Practice,Current work,N/A,N/A,"Maintains international freelance practice serving clients across 15+ countries. Collaborates with humanitarian organizations bringing dignity through hair services to displaced communities. Active waiting list extending months.",Read Full Story,N/A,international hairstylist,N/A
Author Page,Medium Bio Section,Journey overview,"From Corporate Rejection to Global Practice",N/A,"Three weeks before starting a promising corporate career, Michael stood in Arrojo Cosmetology School's office with his life savings. What seemed like reckless abandon was actually profound clarity.",Explore His Book,author-arrojo-school-exterior.jpg,N/A,/book
Author Page,Medium Bio: The Decision,Defining moment,N/A,"The Decision That Changed Everything","That night I called my grandfather. The silence that followed was deafening. Then he said something I'll never forget: 'Some people need safety. Some people need meaning. I've always known which one you were.'",N/A,N/A,N/A,N/A
Author Page,Medium Bio: The Path,Unconventional journey,N/A,"The Nomadic Education","Rather than settling into one salon, Michael deliberately chose a nomadic education model. He joined prestigious teams to master specific techniques, then departed to seek the next teacher. His passport became his textural library.",N/A,author-passport-stamps.jpg,N/A,N/A
Author Page,Medium Bio: The Philosophy,Career approach,N/A,"Loyalty Redefined","Michael often turned down promotions that would 'anchor him to one location.' His philosophy: 'Loyalty isn't about geography. It's about transformation. My clients follow me because I evolve, and in turn, help them evolve too.'",N/A,N/A,N/A,N/A
Author Page,Long Bio Section,Complete story,"The Long Story: Who I Am and Why I Wrote This Book",N/A,"Every salon offer would become a comfortable cage, and comfort has always been my greatest fear. Not because I enjoy struggle, but because I've witnessed what happens when talented people accept limitations as inevitabilities.",Read the Full Story,author-working-fashion-week.jpg,N/A,N/A
Author Page,Long Bio: Global Learning,International experience,N/A,"Passport as Textural Library","Tokyo taught me that great stylists listen with their hands. Copenhagen showed me that sustainability isn't a trend but a responsibility. Lagos revealed how hair rituals create sacred spaces between people.",N/A,world-map-journey-pinned.svg,global hairstylist experience,N/A
Author Page,Long Bio: Cities,Location list,N/A,N/A,"Tokyo • Copenhagen • Lagos • Paris • Johannesburg • New York • Barcelona • London • Dubai • São Paulo • Sydney • Toronto • Amsterdam • Bangkok • Mexico City",N/A,N/A,N/A,N/A
Author Page,Long Bio: The Why,Writing motivation,N/A,"Why I Wrote Curls & Contemplation","I wrote this for the stylist sitting in a breakroom wondering if their dreams are too big. For the talented creator who feels their wings being clipped by hourly rates and someone else's business model. For anyone who suspects there might be more available to them than what they've been shown.",Pre-Order the Book,author-writing-book-photo.jpg,N/A,/book
Author Page,Mission Statement,Purpose clarity,N/A,"My Mission","To validate unconventional career paths in the beauty industry. To demonstrate that hairstyling can be both art and activism, craft and calling, business and blessing. To provide the roadmap I wish I'd had when I started.",N/A,N/A,N/A,N/A
Author Page,Credentials Timeline,Visual authority,N/A,"Training & Experience","2014: Arrojo Cosmetology School, NYC | 2015-2016: Mentorship under Yusef Williams, Vernon François | 2017: Fashion Week debut | 2018: International practice launch | 2019-2024: 15+ countries, humanitarian work, continuous education",N/A,credentials-timeline-visual.svg,hairstylist training credentials,N/A
Author Page,Mentorship Lineage,Authority through association,"Learning From the Best",N/A,"Michael's education extends far beyond formal school. His mentors represent some of the most respected voices in conscious, culturally competent hairstyling.",N/A,mentor-photos-grid/,N/A,N/A
Author Page,Mentor 1: Yusef Williams,Mentor profile,N/A,"Yusef Williams / Naphia White","Taught me that technique without heart is just mechanical motion. Under their guidance, I learned to see each client as a full human, not just a canvas for my technical skills.",N/A,mentor-yusef-photo.jpg,N/A,N/A
Author Page,Mentor 2: Vernon François,Mentor profile,N/A,"Vernon François","Who helped me see that every curl has a voice if only we'd listen carefully enough. His work championing natural texture diversity fundamentally shaped my approach to textured hair.",N/A,mentor-vernon-photo.jpg,N/A,N/A
Author Page,Mentor 3: Naeemah Lafond,Mentor profile,N/A,"Naeemah Lafond","Whose fierce advocacy showed me our work transcends beauty to become cultural affirmation. She taught me that hairstyling can be an act of resistance and reclamation.",N/A,mentor-naeemah-photo.jpg,N/A,N/A
Author Page,Global Experience Map,Visual storytelling,"Where He's Practiced",N/A,"15+ countries across 3 continents—each stamp in his passport represents a different cultural approach to beauty, a new technique mastered, a community served, a perspective expanded.",N/A,world-map-interactive-pins.svg,location-independent hairstylist,N/A
Author Page,Humanitarian Work,Values demonstration,N/A,"Hair as Dignity","Michael regularly collaborates with humanitarian organizations bringing hair services to displaced communities and refugees. 'When someone's world has been upended, helping them feel like themselves again—even for a moment—is sacred work.'",N/A,humanitarian-work-collage.jpg,N/A,N/A
Author Page,Teaching & Speaking,Thought leadership,N/A,"Educator & Thought Leader","Regular speaker at industry conferences on topics including freelance business models, cultural competency, and sustainable career practices. Developing educational content for next generation of conscious stylists.",N/A,speaking-event-photo.jpg,hairstylist educator,N/A
Author Page,Press Kit Section,Media support,"For Media Inquiries",N/A,"High-resolution photos, comprehensive bio (multiple lengths), interview questions, book excerpts, and press release available for download. Contact press@curlsandcontemplation.com for additional materials.",Download Press Kit,press-kit-preview-icon.png,N/A,N/A
Author Page,Press Kit Contents,Download details,N/A,N/A,"Included: 6 high-res author photos • Short/medium/long bio versions • Book cover images (multiple sizes) • Sample interview questions • Author Q&A • Media fact sheet • Press release",Download Press Kit,N/A,N/A,N/A
Author Page,Connect Section,Drive external engagement,"Connect With Michael",N/A,"Follow the journey beyond the book. Behind-the-scenes insights, client transformations, business tips, community highlights, and ongoing conversations about the future of hairstyling.",Follow Now,social-connect-graphic.png,unconventional stylist,N/A
Author Page,Connect: Instagram,Primary social,N/A,"Instagram: @UnconventionalS","Daily inspiration, client transformations, business tips, behind-the-scenes content, and community spotlights. Most active platform for direct engagement.",Follow on Instagram,instagram-feed-preview.jpg,N/A,N/A
Author Page,Connect: Website,Extended content,N/A,"Unconventional Stylist Website","Comprehensive blog, extended articles, online courses (coming soon), resource library, and event calendar. The home for deeper dives into conscious hairstyling.",Visit Website,website-screenshot.png,N/A,N/A
Author Page,Connect: Email,Newsletter,N/A,"Email Newsletter","Weekly insights on building freelance practice, industry trends, personal reflections, and exclusive subscriber-only resources. The most intimate connection point.",Subscribe Now,email-icon-graphic.svg,N/A,N/A
Author Page,Closing Quote,Memorable impression,N/A,N/A,"The most beautiful rebellion is becoming exactly who you were meant to be, regardless of who the world thinks you should become. — Michael David Warren Jr.",Pre-Order the Book,quote-visual-styled.png,N/A,/book
Author Page,Final CTA,Conversion opportunity,N/A,"Ready to Begin Your Journey?","Let Michael's story inspire yours. Curls & Contemplation provides the roadmap, the tools, and the permission slip to design your career on your own terms.",Pre-Order Now,book-author-photo-combo.jpg,N/A,/book
Community Page,Hero Section,Movement invitation,"Join the Curls & Contemplation Collective",N/A,"You're not alone in this journey. Connect with thousands of hairstylists who get it—the challenges, the dreams, the refusal to settle. This is your tribe.",Join the Community,community-hero-diverse-collage.jpg,hairstylist community,N/A
Community Page,Hero Subheadline,Community value,N/A,N/A,"More than a Facebook group. This is a curated community of conscious stylists building careers on their own terms. Real support. Real connections. Real transformation.",Join Discord Now,N/A,freelance stylist network,N/A
Community Page,Introduction Paragraph,Set context,"Why Community Matters",N/A,"Hairstyling can feel isolating—standing behind the chair for hours, absorbing clients' stories, carrying the weight of their transformations. Who holds space for you? The Curl Collective does.",N/A,N/A,hairstylist support community,N/A
Community Page,Your Story Matters,Personal invitation,N/A,"Every Journey Is Unique","Whether you're a student dreaming of freelance freedom, a burned-out stylist seeking renewal, a salon owner reimagining your model, or an entrepreneur launching your practice—your story matters here.",Share Your Story,N/A,N/A,N/A
Community Page,What Awaits Section,Benefits overview,"What Awaits You in the Collective",N/A,"This isn't just another Facebook group. It's a curated ecosystem of support, learning, collaboration, and celebration designed specifically for conscious, growth-minded hairstylists.",Join Discord Now,benefits-visual-diagram.svg,curl collective community,N/A
Community Page,Benefit 1: Network,Detailed benefit,"1. A Supportive Network That Gets It",N/A,"Connect with stylists who understand the unique challenges and opportunities of this industry. Celebrate wins together. Navigate struggles with people who've been there. Build friendships that last beyond transactions.",N/A,benefit-icon-network.svg,N/A,N/A
Community Page,Network: What You'll Find,Specific value,N/A,N/A,"Dedicated Discord channels for business questions, technical advice, creative inspiration, wellness support, and general community. Active daily discussions with hundreds of engaged members.",N/A,discord-screenshot-preview.png,N/A,N/A
Community Page,Benefit 2: Resources,Detailed benefit,"2. Exclusive Learning Resources",N/A,"Members-only workshops, Q&A sessions with Michael, guest expert masterclasses, resource library of templates and guides, early access to new content, and special discounts on courses.",N/A,benefit-icon-resources.svg,N/A,N/A
Community Page,Resources: Monthly Events,Specific value,N/A,N/A,"Monthly live Q&A with Michael (recorded for timezone flexibility) • Quarterly guest expert workshops • Weekly discussion threads on book chapters • Member spotlight features • Skill-share sessions",N/A,N/A,N/A,N/A
Community Page,Benefit 3: Mentorship,Detailed benefit,"3. Mentorship Matching Opportunities",N/A,"Whether you're seeking guidance or ready to mentor, we facilitate meaningful mentorship connections. Structured programs pairing experienced stylists with those earlier in their journey.",N/A,benefit-icon-mentorship.svg,N/A,N/A
Community Page,Mentorship: How It Works,Specific value,N/A,N/A,"Complete mentorship profile indicating experience level, goals, and expertise areas. Algorithm-assisted matching with compatible mentors/mentees. Structured 3-month programs with check-in frameworks. Optional extension.",N/A,N/A,N/A,N/A
Community Page,Benefit 4: Collaboration,Detailed benefit,"4. Creative Collaboration Connections",N/A,"Find your dream team—photographers, makeup artists, fashion designers, other stylists for large projects. Member directory with specialties, location, and collaboration interests.",N/A,benefit-icon-collaboration.svg,N/A,N/A
Community Page,Collaboration: Directory,Specific value,N/A,N/A,"Searchable member directory by location, specialty, experience level, and collaboration interests. Direct messaging capability. Project posting board for casting calls and partnership opportunities.",N/A,N/A,N/A,N/A
Community Page,Benefit 5: Discussions,Detailed benefit,"5. Engaging Discussions on What Matters",N/A,"From textured hair techniques to navigating AI in the industry, from pricing strategies to self-care practices—discuss the topics that matter to your career and personal growth.",N/A,benefit-icon-discussion.svg,N/A,N/A
Community Page,Discussions: Channel List,Specific value,N/A,N/A,"Discord channels: #business-strategies #technical-tips #creative-inspiration #wellness-check-in #pricing-advice #client-stories #product-recommendations #events-opportunities #celebrations #challenges",N/A,N/A,N/A,N/A
Community Page,How It Works Section,Participation guide,"How It Works: Three Simple Steps",N/A,"Joining and engaging with the Curl Collective is easy. Here's your path from newcomer to integrated community member.",N/A,process-diagram-steps.svg,N/A,N/A
Community Page,Step 1: Join,Process step,N/A,"Step 1: Join Your Preferred Platform","Choose your primary connection point: Discord (most active), Instagram community features, Facebook group, or all three. Each platform serves different interaction styles.",Join Now,step-icon-join.svg,N/A,N/A
Community Page,Step 2: Introduce,Process step,N/A,"Step 2: Introduce Yourself","Share your story in the #introductions channel. Where are you in your career? What brought you to Curls & Contemplation? What are you hoping to gain from community? We celebrate every new member.",N/A,step-icon-introduce.svg,N/A,N/A
Community Page,Step 3: Engage,Process step,N/A,"Step 3: Engage at Your Comfort Level","There's no pressure to participate constantly. Some members are daily contributors, others weekly readers, some pop in monthly. Find your rhythm. All engagement levels valued.",N/A,step-icon-engage.svg,N/A,N/A
Community Page,Testimonials Section,Social proof,"What Members Are Saying",N/A,"Hear from stylists already thriving in the Collective. Real stories from real members about how community has impacted their careers and personal growth.",N/A,testimonial-community-grid/,N/A,N/A
Community Page,Community Testimonial 1,Member quote,N/A,"Priya M. - Mumbai, India","I was nervous about posting my first question, but the response was overwhelming. Within an hour, I had five thoughtful answers and three DMs offering additional help. This community is pure gold.",N/A,community-member-priya.jpg,N/A,N/A
Community Page,Community Testimonial 2,Member quote,N/A,"Jamal T. - Brooklyn, NY","The monthly Q&A with Michael alone is worth joining. He's so generous with his insights and actually remembers your previous questions. Plus the networking has led to two major collaborations.",N/A,community-member-jamal.jpg,N/A,N/A
Community Page,Community Testimonial 3,Member quote,N/A,"Sofia R. - Madrid, Spain","I found my regular makeup artist collaborator in the member directory. We've worked on three editorial shoots together and are planning a joint workshop. The business value is incredible.",N/A,community-member-sofia.jpg,N/A,N/A
Community Page,Community Testimonial 4,Member quote,N/A,"Chen W. - Singapore","As an introvert, I appreciate that I can learn just by reading the discussions. When I finally posted my first question months after joining, I was welcomed like I'd been active all along.",N/A,community-member-chen.jpg,N/A,N/A
Community Page,Community Testimonial 5,Member quote,N/A,"Taylor K. - Austin, TX","The mentorship matching program connected me with a seasoned freelancer who's been invaluable during my salon-to-independent transition. I literally couldn't have done this without her guidance.",N/A,community-member-taylor.jpg,N/A,N/A
Community Page,Join Section,Multiple entry points,"Ready to Join?",N/A,"Connect with us across multiple platforms. Each serves a different purpose, and many members are active across all three for maximum benefit.",Join Now,platform-options-visual.svg,N/A,N/A
Community Page,Platform: Discord,Primary hub,N/A,"Discord Community (Primary Hub)","Real-time chat, dedicated channels for business/technical/creative/wellness topics, member directory, event notifications, Michael's most active platform. Desktop and mobile apps available.",Join Discord,discord-logo-branded.svg,N/A,N/A
Community Page,Platform: Website,Extended content,N/A,"Unconventional Stylist Website","Michael's hub for in-depth articles, online courses (coming soon), comprehensive resource library, event calendar, blog community, and email newsletter signup.",Visit Website,website-logo-icon.svg,unconventional stylist website,N/A
Community Page,Platform: Instagram,Visual connection,N/A,"Instagram Community (@UnconventionalS)","Behind-the-scenes content, client transformations, quick tips, community member spotlights, story polls and Q&As, IGTV tutorials, and visual inspiration.",Follow on Instagram,instagram-logo-branded.svg,N/A,N/A
Community Page,Platform: Facebook,Secondary group,N/A,"Facebook Group","Alternative platform for those who prefer Facebook's interface. Mirrors many Discord discussions with added benefit of Facebook's event features for virtual meetups.",Join Facebook Group,facebook-logo-branded.svg,N/A,N/A
Community Page,Membership Tiers Preview,Upgrade option,N/A,"Want Even More? Explore Membership Tiers","While the core community is free, premium tiers offer enhanced benefits: extended access to Michael, exclusive masterclasses, priority mentorship matching, and more.",Explore Membership Tiers,membership-tiers-preview.png,N/A,/community/join
Community Page,Closing Message,Final invitation,"Your Collective Awaits",N/A,"The beauty of this community is that it grows stronger with every new voice, every shared story, every moment of connection. Will yours be the next story that inspires someone else to take their leap?",Join the Movement,community-celebration-photo.jpg,N/A,N/A
Community Page,Final CTA,Action emphasis,N/A,N/A,"Free to join • Instant access • Thousands of active members • Safe, supportive space • Your career transformation starts with connection",Join Discord Now,N/A,N/A,N/A
Blog Hub,Hero Section,Content purpose,"The Curls & Contemplation Blog",N/A,"Practical wisdom for building a hairstyling career on your own terms. Business strategies, technical tips, wellness guidance, and industry insights for conscious stylists.",Subscribe to Updates,blog-hero-visual.jpg,hairstylist business tips,N/A
Blog Hub,Introduction,Blog value proposition,"Your Resource for Conscious Hairstyling Success",N/A,"This blog extends the principles from Curls & Contemplation with actionable advice, downloadable resources, and real-world case studies. New content weekly.",N/A,N/A,freelance stylist advice,/book
Blog Hub,Topics Covered,Content categories,"What You'll Find Here",N/A,"Business & Finance • Marketing & Branding • Technical Skills • Wellness & Self-Care • Industry Trends • Career Development • Client Relationships • Creative Inspiration",Explore All Posts,category-icons-grid/,hairstyling career development,N/A
Blog Hub,How to Use Section,Reader guidance,"How to Use This Blog",N/A,"Start with topics most relevant to your current stage. Download the free templates and worksheets. Join the comments to connect with other readers. Subscribe for weekly delivery to your inbox.",N/A,N/A,N/A,N/A
Blog Hub,Featured Post 1,Post preview,"How to Price Your Hair Services (Without Undervaluing Your Work)",N/A,"Stop guessing your worth. Learn the exact framework for values-aligned pricing that honors your expertise while attracting your ideal clients. Includes free pricing calculator.",Read Full Post,featured-pricing-thumbnail.jpg,how to price hair services,/blog/how-to-price-hair-services
Blog Hub,Featured Post 2,Post preview,"The Freelance Hairstylist's Guide to Sustainable Income",N/A,"Irregular income doesn't mean unstable income. Discover how to create predictable cash flow through revenue diversification, smart budgeting, and client relationship management.",Read Full Post,featured-income-thumbnail.jpg,freelance hairstylist income,/blog/freelance-hairstylist-income
Blog Hub,Featured Post 3,Post preview,"5 Self-Care Rituals Every Stylist Needs (To Avoid Burnout)",N/A,"Physical exhaustion meets emotional labor—here's how to protect your energy and sustain your passion. Free self-care plan template included.",Read Full Post,featured-selfcare-thumbnail.jpg,hairstylist burnout prevention,/blog/stylist-self-care-rituals
Blog Hub,Post Grid Item 4,Post preview,"Building Your Signature Hairstyling Style",N/A,"Differentiate yourself in a crowded market by developing your unique artistic voice. Inspiration database template and cross-disciplinary exploration strategies.",Read Post,thumbnail-signature-style.jpg,hairstylist signature style,/blog/building-signature-style
Blog Hub,Post Grid Item 5,Post preview,"Instagram Marketing for Hairstylists Who Hate Social Media",N/A,"Tech-hesitant? Start here. Skill-level appropriate strategies for building your online presence without overwhelm. Free content calendar template.",Read Post,thumbnail-instagram.jpg,instagram marketing hairstylists,/blog/instagram-marketing-for-stylists
Blog Hub,Post Grid Item 6,Post preview,"The Eco-Conscious Stylist's Product Guide",N/A,"Sustainability isn't just good ethics—it's good business. How to select eco-friendly products, reduce salon waste, and attract values-aligned clients.",Read Post,thumbnail-eco-products.jpg,eco-friendly hair products,/blog/eco-conscious-stylist-products
Blog Hub,Post Grid Item 7,Post preview,"Handling Difficult Client Conversations with Grace",N/A,"Set boundaries without guilt. Communication scripts for managing expectations, addressing complaints, and protecting your professional peace.",Read Post,thumbnail-client-communication.jpg,handling difficult salon clients,/blog/handling-difficult-clients
Blog Hub,Post Grid Item 8,Post preview,"Creating Multiple Revenue Streams as a Hairstylist",N/A,"Don't rely solely on behind-the-chair income. Digital products, workshops, retail, affiliate partnerships, and more. Revenue planning worksheet included.",Read Post,thumbnail-revenue-streams.jpg,hairstylist revenue streams,/blog/multiple-revenue-streams
Blog Hub,Post Grid Item 9,Post preview,"From Salon Employee to Business Owner: Your Roadmap",N/A,"Considering going independent? This comprehensive guide covers business setup, financial planning, client transition strategies, and launch timeline. Free checklist.",Read Post,thumbnail-career-transition.jpg,salon employee to business owner,/blog/salon-employee-to-business-owner
Blog Hub,Post Grid Item 10,Post preview,"AI and the Future of Hairstyling: Partner, Not Replacement",N/A,"Demystify AI technologies in the beauty industry. Virtual try-ons, personalized formulations, and why human artistry remains irreplaceable.",Read Post,thumbnail-ai-future.jpg,ai in beauty industry,/blog/ai-and-future-of-hairstyling
Blog Hub,Newsletter CTA Section,Lead capture,"Never Miss a Post",N/A,"Get new articles delivered to your inbox weekly, plus exclusive subscriber-only resources, behind-the-scenes insights, and first access to new templates.",Subscribe Now,newsletter-signup-visual.png,N/A,N/A
Blog Hub,Newsletter Benefits,Value proposition,N/A,N/A,"Weekly article roundup • Exclusive templates not available publicly • Subscriber-only Q&A sessions • Early notification of events and launches • Community highlights",Subscribe Now,N/A,N/A,N/A
Blog Hub,Book CTA Section,Conversion opportunity,"Want the Complete Framework?",N/A,"These blog posts scratch the surface. Curls & Contemplation provides the comprehensive, interactive journey with 16 chapters, 12 worksheets, and lifetime transformation tools.",Explore the Book,book-blog-cta.png,N/A,/book
Quiz Page,Hero Section,Engagement hook,"What's Your Stylist Success Type?",N/A,"Take this 2-minute quiz to discover your entrepreneurial style and get a personalized roadmap for building your ideal hairstyling career. No email required to see results.",Start the Quiz,quiz-hero-illustration-colorful.svg,hairstylist success quiz,N/A
Quiz Page,Introduction,Quiz value proposition,"Discover Your Unique Path to Success",N/A,"Every successful hairstylist has a different approach. Are you a Creative Visionary? Strategic Builder? Wellness Advocate? Community Connector? Tech Innovator? Your success type reveals your natural strengths and ideal business model.",N/A,N/A,freelance stylist personality,N/A
Quiz Page,How It Works,Process explanation,N/A,N/A,"Answer 10 multiple-choice questions about your work style, motivations, and goals. Receive instant results with detailed success type profile, personalized strengths, potential challenges, and custom book chapter recommendations.",N/A,N/A,N/A,N/A
Quiz Page,Quiz Interface,Interactive element,N/A,N/A,"10 questions with visual answer cards. Progress bar showing completion. Ability to go back and change answers. Mobile-responsive design. Takes approximately 2-3 minutes.",Take the Quiz,quiz-interface-mockup.png,N/A,N/A
Quiz Page,Sample Question 1,Question example,N/A,"Question 1: What initially drew you to hairstyling?","A) The artistic expression and creative possibilities | B) The business and entrepreneurial opportunity | C) The personal connections and helping people feel confident | D) The flexibility and lifestyle it could provide | E) The technical mastery and skill development",N/A,N/A,N/A,N/A
Quiz Page,Sample Question 5,Question example,N/A,"Question 5: When facing a career challenge, you typically:","A) Get creative and think outside the box | B) Analyze the problem and create a strategic plan | C) Check in with yourself about whether it aligns with your values | D) Reach out to your network for support and collaboration | E) Research the latest tools and technologies that might help",N/A,N/A,N/A,N/A
Quiz Page,Sample Question 10,Question example,N/A,"Question 10: Your ideal work environment is:","A) Inspiring and visually stimulating | B) Organized and efficient | C) Calm and intentional | D) Social and collaborative | E) Modern and tech-forward",N/A,N/A,N/A,N/A
Quiz Page,Results: Type 1,Success type profile,"Result: The Creative Visionary",N/A,"You thrive when building signature styles and pushing artistic boundaries. Your strength is innovation; your challenge is business structure. Recommended chapters: III (Creative Fire), IX (Leadership), X (Legacy).",Download Your Roadmap,result-creative-visionary-badge.png,N/A,/book
Quiz Page,Results: Type 2,Success type profile,"Result: The Strategic Builder",N/A,"You excel at systems, planning, and sustainable business growth. Your strength is structure; your challenge is avoiding rigidity. Recommended chapters: VI (Business Mastery), XII (Financial Wisdom), XI (Digital Strategies).",Download Your Roadmap,result-strategic-builder-badge.png,N/A,/book
Quiz Page,Results: Type 3,Success type profile,"Result: The Wellness Advocate",N/A,"You prioritize balance, purpose, and holistic success. Your strength is sustainability; your challenge is setting boundaries without guilt. Recommended chapters: VII (Wellness), XV (Resilience), XIII (Ethics/Sustainability).",Download Your Roadmap,result-wellness-advocate-badge.png,N/A,/book
Quiz Page,Results: Type 4,Success type profile,"Result: The Community Connector",N/A,"You build success through relationships and collaboration. Your strength is networking; your challenge is maintaining focus. Recommended chapters: IV (Networking), V (Mentorship), IX (Leadership).",Download Your Roadmap,result-community-connector-badge.png,N/A,/book
Quiz Page,Results: Type 5,Success type profile,"Result: The Tech Innovator",N/A,"You embrace emerging tools and future-focused strategies. Your strength is adaptability; your challenge is balancing tech with human touch. Recommended chapters: XI (Digital Strategies), XIV (AI Impact), VIII (Continuous Education).",Download Your Roadmap,result-tech-innovator-badge.png,N/A,/book
Quiz Page,Results: Strengths Section,Personalized insight,N/A,"Your Natural Strengths","Based on your success type, here are the superpowers you bring to your hairstyling career. Lean into these while building skills in complementary areas.",N/A,N/A,N/A,N/A
Quiz Page,Results: Challenges Section,Growth areas,N/A,"Potential Growth Areas","Every success type has blind spots. Here are the areas where you might need extra support, systems, or accountability. The book addresses all of these.",N/A,N/A,N/A,N/A
Quiz Page,Results: Recommended Chapters,Personalized guidance,N/A,"Start Here: Your Personalized Reading Roadmap","While we recommend reading the full book sequentially, these chapters will resonate most strongly with your success type and address your specific challenges.",N/A,N/A,N/A,/book
Quiz Page,Results: CTA Section,Conversion opportunity,"Ready to Go Deeper?",N/A,"This quiz scratches the surface. Curls & Contemplation provides the complete framework for building your career on your own terms—regardless of your success type.",Pre-Order the Book,book-cover-quiz-cta.png,N/A,/book
Quiz Page,Social Share Section,Viral opportunity,"Share Your Results",N/A,"What's your Stylist Success Type? Share your results with fellow stylists and see what types your friends are. Tag us @UnconventionalS for a chance to be featured!",Share on Social,social-share-buttons-quiz/,N/A,N/A
Pre-Order Page,Headline,Urgency and value,"You're One Step Away from Transforming Your Career",N/A,"Secure your copy of Curls & Contemplation plus $381 in exclusive bonuses. Limited pre-order period with special pricing and instant digital access.",Complete Your Order,N/A,pre-order curls and contemplation,N/A
Pre-Order Page,Confidence Badges,Trust building,N/A,N/A,"30-Day Money-Back Guarantee • Secure Checkout • Free Shipping Over $50 • Instant Bonus Access • SSL Encrypted • 5000+ Pre-Orders and Counting",N/A,trust-badges-comprehensive/,N/A,/refund-policy
Pre-Order Page,Order Summary,Product details,"Your Order",N/A,"Curls & Contemplation: A Stylist's Interactive Journey Journal by Michael David Warren Jr. | Paperback, 320 pages | ISBN: [TBD] | Publisher: [TBD] | Release Date: [TBD]",N/A,book-cover-order-summary.png,N/A,N/A
Pre-Order Page,Pricing Display,Cost breakdown,N/A,N/A,"Book: $34.99 | Pre-Order Bonuses: $381 value (FREE) | Shipping: $5.99 (FREE over $50) | Total: $34.99 (you save $381)",N/A,N/A,N/A,N/A
Pre-Order Page,Bonus Reminder,Value reinforcement,"Included FREE with Your Pre-Order ($381 Value)",N/A,"Complete Worksheet Library ($97) • 90-Day Freelancer Video Masterclass ($149) • VIP Curl Collective Access (Priceless) • Pricing Calculator Spreadsheet ($49) • Companion Audiobook ($86)",N/A,bonus-stack-checklist-visual.png,N/A,N/A
Pre-Order Page,Form: Personal Info,Data collection,N/A,"Your Information","First Name | Last Name | Email Address (for order confirmation and bonus access) | Phone Number (optional, for shipping updates)",N/A,N/A,N/A,N/A
Pre-Order Page,Form: Shipping,Address collection,N/A,"Shipping Address","Street Address | Apartment/Suite (optional) | City | State/Province | ZIP/Postal Code | Country | Delivery Instructions (optional)",N/A,N/A,N/A,N/A
Pre-Order Page,Gift Option Checkbox,Gift functionality,N/A,N/A,"This is a gift - Ship to different address and include gift message card. We'll omit pricing information.",N/A,gift-box-icon.svg,N/A,N/A
Pre-Order Page,Order Bump: Signed Bookplate,Upsell opportunity,"Make Your Copy Extra Special (+$15)",N/A,"Add a personalized signed bookplate from Michael. He'll hand-sign a decorative bookplate with your name (or gift recipient's name) for you to affix inside your book. Limited availability.",Add to Order,signed-bookplate-sample-photo.jpg,N/A,N/A
Pre-Order Page,Order Bump: Rush Shipping,Upsell option,"Want It Faster? (+$12.99)",N/A,"Upgrade to priority shipping. Receive your book within 3-5 business days of release instead of standard 7-10 days. (International timing varies.)",Add Rush Shipping,N/A,N/A,N/A
Pre-Order Page,Payment Section,Checkout,"Secure Payment",N/A,"We accept all major credit cards, PayPal, Apple Pay, and Google Pay. All transactions encrypted and secure. Your payment will be processed on the release date.",Complete Order,payment-icons-accepted/,N/A,N/A
Pre-Order Page,Order Guarantee,Risk reversal,N/A,N/A,"Your satisfaction is guaranteed. If you're not completely satisfied, return the book within 30 days in resalable condition for a full refund. No questions asked.",N/A,guarantee-badge-seal.svg,N/A,/refund-policy
Pre-Order Page,FAQ Quick Access,Address objections,N/A,"Have Questions?","When will it ship? • What formats are available? • Can I change my order? • International shipping? • Bulk orders?",View All FAQs,N/A,N/A,/book
Checkout Page,Order Summary,Purchase recap,"Your Order Summary",N/A,"Review your items before completing purchase. All fields required unless marked optional. Email confirmation sent immediately after purchase.",N/A,N/A,N/A,N/A
Checkout Page,Subtotal Breakdown,Pricing clarity,N/A,N/A,"Curls & Contemplation (Paperback): $34.99 | Signed Bookplate (if selected): $15.00 | Rush Shipping (if selected): $12.99 | Shipping: $5.99 (FREE if subtotal over $50) | Tax: Calculated based on address",N/A,N/A,N/A,N/A
Checkout Page,Post-Purchase Upsell,One-time offer,"Wait! Special One-Time Offer",N/A,"Before you go, add the Companion Reflection Journal (normally $24.99) for just $19 when you add it now. Extends your Curls & Contemplation experience with 100 pages of guided reflection, goal-tracking, and creative journaling.",Add Journal for $19,companion-journal-cover-mockup.png,N/A,N/A
Checkout Page,Upsell: Journal Benefits,Value explanation,N/A,N/A,"Guided reflection prompts aligned with book chapters • Goal-setting worksheets • Progress tracking pages • Creative doodling space • Milestone celebration pages • Premium paper quality • Lay-flat binding",N/A,N/A,N/A,N/A
Checkout Page,Downsell: Digital Only,Alternative offer,"Or Get Just the Digital Workbook Bundle",N/A,"Not ready for the full journal? Get all 12 worksheets in fillable PDF format for just $14.99. Print multiple copies or complete digitally. Instant download after purchase.",Get Workbook Bundle,workbook-bundle-preview-pages.png,N/A,N/A
Thank You Page,Success Message,Confirmation,"Your Order is Confirmed!",N/A,"Thank you for pre-ordering Curls & Contemplation. Your journey toward career transformation begins now. Check your email for order confirmation (#[ORDER NUMBER]) and next steps.",N/A,confirmation-checkmark-animated.svg,N/A,N/A
Thank You Page,What Happens Next,Set expectations,"What Happens Next",N/A,"1. Check email for order confirmation and bonus access link (arrives within 24 hours) | 2. Access your digital bonuses immediately | 3. Join the Curl Collective community | 4. Receive shipping notification on release date | 5. Your book arrives and transformation begins!",N/A,process-timeline-visual.svg,N/A,N/A
Thank You Page,Bonus Access,Immediate value,"Access Your $381 in Bonuses Now",N/A,"Your bonus vault link was included in your confirmation email. If you don't see it within 24 hours, check spam folder or contact hello@curlsandcontemplation.com.",Access Bonus Vault,bonus-vault-access-button.png,N/A,N/A
Thank You Page,Community Invitation,Engagement,"Join the Curl Collective Now",N/A,"Your VIP early access to the community is waiting. Connect with thousands of stylists on the same journey. Share your excitement, ask questions, and start building your network.",Join Discord,community-welcome-visual.jpg,N/A,/community
Thank You Page,Social Share,Viral opportunity,"Spread the Word",N/A,"Help other stylists discover their permission slip. Share your pre-order with fellow creatives who deserve to design careers on their own terms.",Share on Social,social-share-buttons-purchase/,N/A,N/A
Thank You Page,Share: Pre-Written Copy,Make sharing easy,N/A,N/A,"Suggested share text: Just pre-ordered Curls & Contemplation by @UnconventionalS! If you're a hairstylist who's ever felt limited by traditional career paths, this book is your permission slip. Pre-order bonuses worth $381 still available! [LINK]",Copy Share Text,N/A,N/A,N/A
Thank You Page,Journal Upsell,Final offer,"Complete Your Transformation Kit",N/A,"Add the Companion Reflection Journal to deepen your transformation. Special thank-you price of $19 (normally $24.99) available only on this page. Won't be offered again at this price.",Add Journal Now,journal-thankyou-visual.png,N/A,N/A
Thank You Page,Stay Connected,Ongoing engagement,"Stay Connected Until Your Book Arrives",N/A,"Follow @UnconventionalS on Instagram for behind-the-scenes content, sneak peeks of book pages, and community member spotlights. Tag your pre-order excitement with #CurlsAndContemplation",Follow Now,social-follow-visual.png,N/A,N/A
Privacy Policy,Header,Page identification,"Privacy Policy",N/A,"Effective Date: [DATE] | Last Updated: [DATE] | This Privacy Policy describes how Curls & Contemplation collects, uses, and protects your personal information.",Contact Privacy Team,N/A,privacy policy,N/A
Privacy Policy,Introduction,Policy overview,N/A,"Our Commitment to Your Privacy","We respect your privacy and are committed to protecting your personal information. This policy explains what data we collect, why we collect it, how we use it, and your rights regarding your information.",N/A,N/A,N/A,N/A
Privacy Policy,Information Collection,What we collect,"What Information We Collect",N/A,"Personal information you provide: name, email address, shipping address, phone number (optional), payment information (processed securely by our payment processor, not stored on our servers).",N/A,N/A,N/A,N/A
Privacy Policy,Automatic Collection,Technical data,N/A,"Automatically Collected Information","When you visit our website, we automatically collect: IP address, browser type, device information, pages visited, time spent on pages, referring website, and cookies for site functionality and analytics.",N/A,N/A,N/A,N/A
Privacy Policy,How We Use Info,Data usage,"How We Use Your Information",N/A,"Order fulfillment and shipping | Customer service and support | Email marketing (with your consent) | Website analytics and improvement | Fraud prevention and security | Legal compliance",N/A,N/A,N/A,N/A
Privacy Policy,Third-Party Services,Integrations,"Third-Party Integrations",N/A,"We work with trusted third-party services: Payment processing (Stripe, PayPal) | Email service provider (ConvertKit) | Analytics (Google Analytics) | Shipping partners (USPS, UPS, FedEx) | Community platform (Discord) | These services have their own privacy policies.",N/A,N/A,N/A,N/A
Privacy Policy,Data Security,Protection measures,"How We Protect Your Data",N/A,"We implement industry-standard security measures: SSL encryption for all data transmission | Secure server infrastructure | Limited employee access to personal data | Regular security audits | No storage of payment card information (handled by PCI-compliant processors)",N/A,N/A,N/A,N/A
Privacy Policy,Your Rights,User rights,"Your Privacy Rights",N/A,"You have the right to: Access your personal data | Request data correction or deletion | Opt out of marketing emails (unsubscribe link in every email) | Request data portability | Object to processing in certain circumstances | Contact us to exercise any of these rights.",Contact Privacy Team,N/A,N/A,N/A
Privacy Policy,Data Retention,How long we keep data,"Data Retention",N/A,"We retain your personal information for as long as necessary to fulfill the purposes outlined in this policy, comply with legal obligations, resolve disputes, and enforce our agreements. You may request deletion at any time.",N/A,N/A,N/A,N/A
Privacy Policy,Children's Privacy,COPPA compliance,"Children's Privacy",N/A,"Our website is not directed to children under 13. We do not knowingly collect personal information from children under 13. If you believe we have inadvertently collected such information, please contact us immediately.",N/A,N/A,N/A,N/A
Privacy Policy,International Users,GDPR compliance,"International Users",N/A,"If you are accessing our website from outside the United States, please note that your information may be transferred to, stored, and processed in the United States. We comply with GDPR for EU residents and provide appropriate data protection safeguards.",N/A,N/A,N/A,N/A
Privacy Policy,Cookies,Cookie policy,"Cookie Policy",N/A,"We use cookies to improve your experience: Essential cookies for site functionality | Analytics cookies to understand how you use our site | Marketing cookies for targeted content (with your consent) | You can control cookies through your browser settings.",N/A,N/A,N/A,N/A
Privacy Policy,Policy Updates,Change notification,"Changes to This Policy",N/A,"We may update this Privacy Policy periodically. We will notify you of material changes by email (if you've provided one) or by posting a notice on our website. Your continued use after changes constitutes acceptance.",N/A,N/A,N/A,N/A
Privacy Policy,Contact Information,How to reach us,"Contact Us About Privacy",N/A,"Questions about this Privacy Policy or our privacy practices? Email: privacy@curlsandcontemplation.com | Mail: [Physical Address TBD] | Response time: Within 7 business days",Contact Privacy Team,N/A,N/A,N/A
Terms of Service,Header,Page identification,"Terms of Service",N/A,"Effective Date: [DATE] | Last Updated: [DATE] | These Terms of Service govern your use of the Curls & Contemplation website and purchase of our products.",Contact Support,N/A,terms of service,N/A
Terms of Service,Acceptance,Agreement to terms,"Acceptance of Terms",N/A,"By accessing this website, placing an order, or using our services, you agree to be bound by these Terms of Service. If you do not agree to these terms, please do not use our website or services.",N/A,N/A,N/A,N/A
Terms of Service,Purchasing Terms,E-commerce terms,"Pre-Orders and Purchases",N/A,"Pre-order charges processed on order date, not ship date | Orders cannot be canceled once shipped | Shipping times are estimates, not guarantees | Risk of loss passes to you upon delivery | International orders subject to customs and import duties (your responsibility)",N/A,N/A,N/A,/refund-policy
Terms of Service,Refund Policy Reference,Link to policy,"Refunds and Returns",N/A,"We offer a 30-day money-back guarantee on book purchases. For complete details on eligibility, process, and conditions, please review our full Refund Policy.",View Refund Policy,N/A,N/A,/refund-policy
Terms of Service,Digital Products,License terms,"Digital Products and Bonuses",N/A,"Digital products (worksheets, audiobook, video masterclass) are licensed for your personal use only. You may not: redistribute, resell, share login credentials, or create derivative works. One license per purchase.",N/A,N/A,N/A,N/A
Terms of Service,Intellectual Property,Copyright notice,"Intellectual Property Rights",N/A,"All content, worksheets, book text, images, and materials are copyrighted and owned by Michael David Warren Jr./Curls & Contemplation. Unauthorized reproduction, distribution, or public display is prohibited and may result in legal action.",N/A,N/A,N/A,N/A
Terms of Service,User Conduct,Community rules,"Community and User Conduct",N/A,"When participating in the Curl Collective community, you agree to: Be respectful and professional | No harassment, hate speech, or discrimination | No spam or self-promotion without permission | Respect intellectual property | Violations may result in removal from community",N/A,N/A,N/A,/community
Terms of Service,Disclaimers,Legal protection,"Disclaimers and Limitations",N/A,"Results not guaranteed: The book provides educational information and strategies. Your results depend on your effort, circumstances, and market conditions. | Professional advice: Content is not a substitute for professional business, legal, or financial advice. | Website availability: We strive for 24/7 availability but do not guarantee uninterrupted access.",N/A,N/A,N/A,N/A
Terms of Service,Limitation of Liability,Legal limits,"Limitation of Liability",N/A,"To the fullest extent permitted by law, Curls & Contemplation and Michael David Warren Jr. shall not be liable for indirect, incidental, consequential, or punitive damages arising from use of our products or services. Total liability limited to purchase amount.",N/A,N/A,N/A,N/A
Terms of Service,Indemnification,User responsibility,"Indemnification",N/A,"You agree to indemnify and hold harmless Curls & Contemplation, Michael David Warren Jr., and their affiliates from any claims, damages, or expenses arising from your violation of these Terms or misuse of our products/services.",N/A,N/A,N/A,N/A
Terms of Service,Governing Law,Jurisdiction,"Governing Law and Disputes",N/A,"These Terms are governed by the laws of [STATE/COUNTRY TBD] without regard to conflict of law principles. Any disputes will be resolved through binding arbitration in [LOCATION TBD] under [ARBITRATION RULES].",N/A,N/A,N/A,N/A
Terms of Service,Modifications,Change rights,"Modifications to Terms",N/A,"We reserve the right to modify these Terms at any time. Material changes will be posted on this page with updated effective date. Your continued use after changes constitutes acceptance of modified terms.",N/A,N/A,N/A,N/A
Terms of Service,Severability,Legal clause,"Severability",N/A,"If any provision of these Terms is found invalid or unenforceable, that provision will be enforced to the maximum extent possible, and the remaining provisions will remain in full force and effect.",N/A,N/A,N/A,N/A
Terms of Service,Contact,Support access,"Contact Us",N/A,"Questions about these Terms of Service? Contact us at: hello@curlsandcontemplation.com | Response time: Within 5 business days",Contact Support,N/A,N/A,N/A
Refund Policy,Header,Page identification,"30-Day Money-Back Guarantee",N/A,"We stand behind Curls & Contemplation. If you're not completely satisfied with your purchase, we'll make it right. Here's how our refund policy works.",Contact Support,N/A,refund policy,N/A
Refund Policy,Promise,Guarantee statement,"Our Guarantee",N/A,"We're confident that Curls & Contemplation will transform your approach to your hairstyling career. However, we understand that every reader's needs are different. If the book doesn't meet your expectations, we offer a hassle-free 30-day money-back guarantee.",N/A,guarantee-seal-official.svg,N/A,N/A
Refund Policy,Eligibility,What qualifies,"Eligible for Refund",N/A,"Physical book purchases within 30 days of delivery | Book must be in resalable condition (minimal wear, no writing, no water damage) | Digital bonuses may be retained even with refund | Pre-orders before shipment (full refund, no conditions)",N/A,N/A,N/A,N/A
Refund Policy,Not Eligible,Exclusions,"Not Eligible for Refund",N/A,"Digital-only products purchased separately (worksheets, standalone video courses) after 7-day access period | Books returned after 30 days from delivery | Books in damaged or heavily used condition | Bulk orders (contact us for special arrangements)",N/A,N/A,N/A,N/A
Refund Policy,Process,How to request,"How to Request a Refund",N/A,"Email support@curlsandcontemplation.com with: Your order number | Date of purchase | Reason for refund (optional but helps us improve) | Photos of book condition | Return shipping address will be provided",Contact Support,N/A,N/A,N/A
Refund Policy,Shipping Returns,Return instructions,"Return Shipping",N/A,"For physical book returns: You are responsible for return shipping costs | We recommend insured, trackable shipping method | We are not responsible for items lost or damaged in return transit | Once we receive and verify book condition, refund processed within 5-7 business days",N/A,N/A,N/A,N/A
Refund Policy,Timeline,Expectations,"Refund Timeline",N/A,"Email confirmation of refund request: Within 24 hours | Refund processed after receiving returned book: 5-7 business days | Credit appears on your statement: Depends on your bank (typically 5-10 business days after processing) | Total time: 2-3 weeks for complete process",N/A,N/A,N/A,N/A
Refund Policy,Method,How you get money back,"Refund Method",N/A,"Refunds issued to original payment method used for purchase | Credit card refunds appear as credit on statement | PayPal refunds appear in PayPal account | If original payment method no longer available, contact us for alternative arrangements",N/A,N/A,N/A,N/A
Refund Policy,Digital Bonuses,Special case,"What About Digital Bonuses?",N/A,"We understand you may have already accessed digital bonuses. You may keep access to these even with book refund as our gift. However, we request that you not share login credentials or redistribute materials out of respect for our work.",N/A,N/A,N/A,N/A
Refund Policy,Exchanges,Alternative option,"Prefer an Exchange?",N/A,"Damaged or defective book? We'll send a replacement immediately at no cost—no need to return the damaged copy | Want to gift your copy instead? We can change the shipping address for unopened packages | Want to add more items? Place a new order; we can't modify shipped orders",N/A,N/A,N/A,N/A
Refund Policy,Bulk Orders,Special arrangements,"Bulk Order Returns",N/A,"Bulk orders (10+ copies) for schools, salons, or organizations have special return arrangements. Contact bulk@curlsandcontemplation.com to discuss your specific situation. We work with institutions to ensure satisfaction.",N/A,N/A,N/A,N/A
Refund Policy,Questions,Further support,"Questions About Our Refund Policy?",N/A,"We're here to help. If you have questions about whether your situation qualifies for a refund, or if you're experiencing any issues, please reach out to our support team: support@curlsandcontemplation.com | Response time: Within 24 hours",Contact Support,N/A,N/A,N/A
Refund Policy,Shop Confidence,Final reassurance,"Shop with Confidence",N/A,"Our goal is your satisfaction and transformation. If the book doesn't serve you, we want to make it right. Your trust means everything to us.",Browse Products,N/A,N/A,/book
Accessibility,Header,Page identification,"Accessibility Statement",N/A,"We're committed to ensuring curlsandcontemplation.com is accessible to all visitors, including those with disabilities. Accessibility is an ongoing effort, and we welcome your feedback.",Report Issue,N/A,accessibility statement,N/A
Accessibility,Commitment,Accessibility promise,"Our Commitment",N/A,"We strive to meet WCAG (Web Content Accessibility Guidelines) 2.1 Level AA standards across our entire website. We believe that access to information about building a hairstyling career should be available to everyone, regardless of ability.",N/A,N/A,WCAG 2.1 compliance,N/A
Accessibility,Features Implemented,What we've done,"Accessibility Features Currently Implemented",N/A,"Alternative text for all images | Semantic HTML structure | Keyboard navigation support | Color contrast meeting AA standards | Resizable text without loss of functionality | Skip navigation links | Form labels and error identification | Video captions (where applicable) | Screen reader compatibility testing",N/A,N/A,N/A,N/A
Accessibility,Standards,Compliance details,"Standards We Follow",N/A,"WCAG 2.1 Level AA guidelines | Section 508 compliance | ADA (Americans with Disabilities Act) web accessibility requirements | Regular audits using automated tools (WAVE, aXe) and manual testing with assistive technologies",N/A,N/A,N/A,N/A
Accessibility,Ongoing Work,Transparency,"Ongoing Improvements",N/A,"We regularly audit and update our website to enhance accessibility. Current projects: Implementing ARIA landmarks throughout | Enhanced mobile accessibility | Video transcripts for all video content | Additional keyboard shortcut documentation | Third-party plugin accessibility audits",N/A,N/A,N/A,N/A
Accessibility,Known Issues,Honest disclosure,"Known Limitations",N/A,"We are actively working to address: Some third-party embedded content (social media feeds) may not meet full accessibility standards | PDF worksheets are being retrofitted for screen reader optimization | Some older blog posts being updated for semantic structure",N/A,N/A,N/A,N/A
Accessibility,Accommodations,Support offer,"Request Accommodations",N/A,"If you encounter barriers accessing any content or need materials in alternative formats, please contact us: Email: accessibility@curlsandcontemplation.com | Phone: [TBD] | We will work with you to provide the information in an accessible format.",Contact Accessibility Team,N/A,N/A,N/A
Accessibility,Alternative Formats,Format options,"Alternative Formats Available",N/A,"We can provide content in: Large print | Audio format | Plain text email | Accessible PDF | Braille (through third-party service, processing time 2-3 weeks) | Please contact us with your specific needs and preferred format.",N/A,N/A,N/A,N/A
Accessibility,Assistive Tech,Compatibility,"Assistive Technology Compatibility",N/A,"Our website has been tested with: JAWS screen reader | NVDA screen reader | VoiceOver (iOS and macOS) | Keyboard-only navigation | Voice recognition software | If you experience issues with your specific assistive technology, please let us know.",N/A,N/A,N/A,N/A
Accessibility,Feedback,Improvement process,"We Welcome Your Feedback",N/A,"Accessibility is an ongoing journey, not a destination. If you encounter accessibility barriers on our website, please let us know: What barrier did you encounter? | What assistive technology are you using? | What page or content was inaccessible? | We respond to all accessibility feedback within 48 hours.",Report Accessibility Issue,N/A,N/A,N/A
Accessibility,Third Party,Vendor responsibility,"Third-Party Content",N/A,"Some features on our site use third-party services (payment processing, community platform, social media embeds). While we choose vendors with accessibility in mind, we cannot guarantee their full accessibility. Please contact us if you encounter issues with any third-party feature.",N/A,N/A,N/A,N/A
Accessibility,Contact,Support information,"Contact Our Accessibility Team",N/A,"Accessibility Coordinator: accessibility@curlsandcontemplation.com | Response time: Within 48 hours | Accommodation requests: Processed within 7 business days | Urgent accessibility issues: Mark email subject as 'URGENT ACCESSIBILITY'",Contact Accessibility Team,N/A,N/A,N/A
Accessibility,Resources,External help,"Accessibility Resources",N/A,"If you need help using assistive technologies or want to learn more about web accessibility: WebAIM.org | W3C Web Accessibility Initiative | Accessibility.com | Browser accessibility features documentation | Operating system accessibility guides",N/A,N/A,N/A,N/A
