Keyword,Search Volume,Difficulty,Intent,Cluster,Target Page,Priority
hairstyling business tips,1200,Medium,Informational,Business,Blog Post,High
how to price hair services,890,Low,Commercial,Business,Blog Post,High
freelance hairstylist guide,450,Medium,Informational,Career,Book Page,High
salon business plan,720,Medium,Commercial,Business,Blog Post,Medium
hairstylist self care,780,Low,Informational,Wellness,Blog Post,High
hairstylist burnout,650,Low,Informational,Wellness,Blog Post,High
how to become a successful hairstylist,1100,Medium,Informational,Career,Book Page,High
salon marketing strategies,2100,High,Commercial,Business,Blog Post,High
freelance stylist income,340,Low,Informational,Business,Blog Post,Medium
hairstylist pricing calculator,420,Low,Commercial,Business,Lead Magnet,High
Christian hairstylist,180,Low,Informational,Faith,Author Page,Medium
conscious hairstyling,120,Low,Informational,Philosophy,Author Page,Medium
sustainable salon practices,890,Medium,Informational,Sustainability,Blog Post,High
eco friendly hair salon,560,Medium,Commercial,Sustainability,Blog Post,Medium
hairstylist mentorship,290,Low,Informational,Career,Blog Post,Medium
salon owner tips,1500,Medium,Informational,Business,Blog Post,High
how to build salon clientele,670,Medium,Commercial,Business,Blog Post,High
hairstylist networking,310,Low,Informational,Career,Blog Post,Medium
mobile hairstylist business,890,Medium,Commercial,Career,Blog Post,Medium
independent hairstylist,1200,Medium,Informational,Career,Book Page,High
behind the chair business,450,Medium,Informational,Business,Blog Post,Medium
hairstylist financial planning,230,Low,Informational,Business,Blog Post,Medium
salon revenue streams,180,Medium,Commercial,Business,Blog Post,Medium
curly hair specialist,1800,High,Commercial,Technical,Blog Post,Low
natural hair business,670,Medium,Commercial,Technical,Blog Post,Medium
hairstylist work life balance,340,Low,Informational,Wellness,Blog Post,High
preventing stylist burnout,210,Low,Informational,Wellness,Blog Post,High
hairstylist career path,890,Medium,Informational,Career,Book Page,High
beauty industry entrepreneurship,450,Medium,Informational,Business,Book Page,Medium
hairstylist personal brand,560,Medium,Commercial,Career,Blog Post,High
Instagram marketing for hairstylists,1100,Medium,Informational,Business,Blog Post,High
salon social media strategy,780,Medium,Informational,Business,Blog Post,Medium
hairstylist education,1400,High,Informational,Career,Blog Post,Medium
advanced hairstyling techniques,920,High,Informational,Technical,Blog Post,Low
freelance beauty professional,380,Low,Informational,Career,Book Page,Medium
hairstylist client retention,450,Medium,Commercial,Business,Blog Post,High
how to raise hair prices,560,Low,Commercial,Business,Blog Post,High
salon client experience,670,Medium,Informational,Business,Blog Post,Medium
hairstylist spiritual growth,150,Low,Informational,Faith,Author Page,Low
faith based business,890,Medium,Informational,Faith,Author Page,Low
purpose driven hairstyling,90,Low,Informational,Philosophy,Book Page,Medium
hairstylist leadership,280,Low,Informational,Career,Blog Post,Medium
salon diversity and inclusion,340,Medium,Informational,Diversity,Blog Post,Medium
textured hair expertise,560,Medium,Informational,Technical,Blog Post,Medium
AI in beauty industry,430,Medium,Informational,Technology,Blog Post,Medium
digital marketing for salons,1200,High,Commercial,Business,Blog Post,Medium
hairstylist passive income,290,Low,Commercial,Business,Blog Post,High
salon sustainability,450,Medium,Informational,Sustainability,Blog Post,Medium
ethical hair products,670,Medium,Commercial,Sustainability,Blog Post,Medium
hairstylist wellness routine,210,Low,Informational,Wellness,Blog Post,High
